PLAYER,PLAYER_clean,AGE,POS,HANDED,GP,G,A,P,P/GP,+/-,Sh,Sh%,TOI,ixG,iSh,iCF,iFF,ixG60,iSh60,iCF60,iFF60,SF,SA,SF%,CF,CA,CF%,FF,FA,FF%,xGF,xGA,xGF%,TYPE,CAP HIT,SALARY
1. Erik Karlsson,Erik Karlsson,32,RD,Right,50,10,25,35,0.7,-14,117,0.09,23:28:00,6.79,117,248,170,0.35,5.98,12.68,8.69,697,611,53.29,1247,1118,52.73,955,838,53.26,67.5,67.97,49.83,Standard (1-way),"$11,500,000","$12,000,000"
2. Drew Doughty,Drew Doughty,32,RD,Right,39,7,24,31,0.79,4,99,0.07,25:44:00,5.45,99,183,127,0.33,5.92,10.94,7.59,615,434,58.63,1092,769,58.68,831,592,58.4,59.52,48.65,55.02,Standard (1-way),"$11,000,000","$11,000,000"
3. Zachary Werenski,Zachary Werenski,24,LD,Left,68,11,37,48,0.71,-15,216,0.05,25:39:00,12.22,216,428,313,0.42,7.43,14.72,10.76,999,982,50.43,1902,1654,53.49,1423,1305,52.16,98.04,96.15,50.49,Standard (1-way),"$9,583,333","$10,000,000"
4. Charlie McAvoy,Charlie McAvoy,24,RD,Right,78,10,46,56,0.72,31,166,0.06,24:39:00,8.82,166,295,227,0.28,5.18,9.21,7.09,1312,897,59.39,2136,1628,56.75,1718,1212,58.63,121.49,82.31,59.61,Standard (1-way),"$9,500,000","$9,250,000"
5. Adam Fox,Adam Fox,24,RD,Right,78,11,63,74,0.95,18,158,0.07,23:54:00,8.49,158,275,197,0.27,5.08,8.85,6.34,1016,866,53.99,1798,1638,52.33,1398,1228,53.24,108.58,85.7,55.89,Standard (1-way),"$9,500,000","$11,000,000"
6. Seth Jones,Seth Jones,27,RD,Right,78,5,46,51,0.65,-37,194,0.03,26:12:00,9.39,194,365,255,0.28,5.69,10.71,7.48,1072,1013,51.41,1921,1830,51.21,1419,1350,51.25,96.24,99.63,49.13,Standard (1-way),"$9,500,000","$10,000,000"
7. Darnell Nurse,Darnell Nurse,27,LD,Left,71,9,26,35,0.49,18,203,0.04,25:02:00,10.26,203,410,286,0.35,6.85,13.83,9.65,1027,1020,50.17,1803,1753,50.7,1388,1372,50.29,106.51,100.6,51.43,Standard (1-way),"$9,250,000","$12,000,000"
8. Roman Josi,Roman Josi,32,LD,Left,80,23,73,96,1.2,13,281,0.08,25:33:00,15.57,281,563,385,0.46,8.25,16.52,11.3,1228,1028,54.43,2264,1821,55.42,1709,1386,55.22,122.19,98.45,55.38,Standard (1-way),"$9,059,000","$9,750,000"
9. Dougie Hamilton,Dougie Hamilton,29,RD,Right,62,9,21,30,0.48,-19,197,0.05,21:13:00,10.84,197,402,285,0.49,8.98,18.32,13,798,667,54.47,1469,1183,55.39,1115,905,55.2,73.02,66.67,52.27,Standard (1-way),"$9,000,000","$6,300,000"
10. Cale Makar,Cale Makar,23,RD,Right,77,28,58,86,1.12,48,240,0.12,25:40:00,13.33,240,494,319,0.4,7.29,15,9.68,1349,933,59.11,2387,1628,59.45,1809,1249,59.16,138.99,88.9,60.99,Standard (1-way),"$9,000,000","$9,000,000"
11. Alex Pietrangelo,Alex Pietrangelo,32,RD,Right,80,13,31,44,0.55,7,227,0.06,24:38:00,12.5,227,456,311,0.38,6.91,13.87,9.46,1168,1001,53.85,2083,1887,52.47,1568,1377,53.24,119.79,117.15,50.56,Standard (1-way),"$8,800,000","$8,000,000"
12. Miro Heiskanen,Miro Heiskanen,22,LD/RD,Left,70,5,31,36,0.51,3,156,0.03,24:53:00,10.76,156,312,218,0.37,5.37,10.75,7.51,928,861,51.87,1684,1531,52.38,1276,1170,52.17,98.69,80.23,55.16,Standard (1-way),"$8,450,000","$7,000,000"
13. Oliver Ekman-Larsson,Oliver Ekman-Larsson,30,LD,Left,79,5,24,29,0.37,5,168,0.03,22:19:00,6.34,168,352,234,0.22,5.72,11.98,7.97,927,999,48.13,1663,1765,48.51,1275,1341,48.74,87.34,89.05,49.52,Standard (1-way),"$8,250,000","$10,500,000"
14. Thomas Chabot,Thomas Chabot,25,LD,Left,59,7,31,38,0.64,-3,173,0.04,26:11:00,9.17,173,330,227,0.36,6.72,12.81,8.81,905,728,55.42,1631,1347,54.77,1232,999,55.22,87.08,73.34,54.28,Standard (1-way),"$8,000,000","$4,000,000"
15. John Carlson,John Carlson,32,RD,Right,78,17,54,71,0.91,13,195,0.09,23:48:00,12.58,195,388,278,0.41,6.3,12.53,8.98,1109,858,56.38,1941,1604,54.75,1520,1220,55.47,119.64,89.92,57.09,Standard (1-way),"$8,000,000","$6,000,000"
16. Brent Burns,Brent Burns,37,RD,Right,82,10,44,54,0.66,-15,203,0.05,26:08:00,8.5,203,446,293,0.24,5.68,12.48,8.19,1066,1182,47.42,1936,2263,46.11,1476,1641,47.35,105.69,129.5,44.94,Standard (1-way),"$8,000,000","$6,500,000"
17. Jacob Trouba,Jacob Trouba,28,RD,Right,81,11,28,39,0.48,25,204,0.05,22:25:00,11.53,204,388,277,0.38,6.74,12.81,9.15,903,969,48.24,1614,1778,47.58,1245,1324,48.46,91.4,90.25,50.32,Standard (1-way),"$8,000,000","$6,000,000"
18. Victor Hedman,Victor Hedman,31,LD,Left,82,20,65,85,1.04,26,219,0.09,25:04:00,13.27,219,462,331,0.39,6.39,13.48,9.66,1221,928,56.82,2157,1684,56.16,1700,1293,56.8,134.43,98.18,57.79,Standard (1-way),"$7,875,000","$8,000,000"
19. Shea Weber,Shea Weber,36,RD,Right,0,0,0,0,0,0,0,0,,0,0,0,0,0,0,0,0,,,0,,,0,,,0,0,0,0,Standard (1-way),"$7,857,143","$3,000,000"
20. Quinn Hughes,Quinn Hughes,22,LD,Left,76,8,60,68,0.89,10,150,0.05,25:15:00,6.8,150,342,202,0.21,4.69,10.7,6.32,1134,860,56.87,2102,1549,57.57,1549,1181,56.74,111.2,90.18,55.22,Standard (1-way),"$7,850,000","$6,500,000"
21. Jared Spurgeon,Jared Spurgeon,32,RD,Right,65,10,30,40,0.62,32,116,0.09,21:09:00,6.34,116,234,157,0.28,5.05,10.21,6.85,825,635,56.51,1460,1143,56.09,1117,871,56.19,82.96,65.61,55.84,Standard (1-way),"$7,575,000","$6,000,000"
22. Morgan Rielly,Morgan Rielly,28,LD,Left,82,10,58,68,0.83,16,221,0.05,23:44:00,9.08,221,384,290,0.28,6.81,11.84,8.94,1247,1016,55.1,2198,1692,56.5,1706,1377,55.34,128.49,97.27,56.91,Standard (1-way),"$7,500,000","$8,000,000"
23. Aaron Ekblad,Aaron Ekblad,26,RD,Right,61,15,42,57,0.93,38,180,0.08,24:55:00,10.6,180,317,233,0.42,7.1,12.51,9.19,978,743,56.83,1703,1254,57.59,1293,936,58.01,106.97,74.2,59.04,Standard (1-way),"$7,500,000","$6,000,000"
24. Marc-Édouard Vlasic,Marc-Édouard Vlasic,35,LD/RD,Left,75,3,11,14,0.19,-22,63,0.05,15:12:00,2.06,63,145,99,0.11,3.31,7.62,5.21,470,568,45.28,840,1146,42.3,646,831,43.74,35.82,51.41,41.06,Standard (1-way),"$7,000,000","$7,250,000"
25. John Klingberg,John Klingberg,29,RD,Right,74,6,41,47,0.64,-28,139,0.04,22:12:00,8.51,139,361,209,0.31,5.07,13.18,7.63,933,849,52.36,1807,1517,54.36,1336,1164,53.44,103.09,82.74,55.48,Standard (1-way),"$7,000,000","$7,000,000"
26. Brent Seabrook,Brent Seabrook,37,RD,Right,0,0,0,0,0,0,0,0,,0,0,0,0,0,0,0,0,,,0,,,0,,,0,0,0,0,Standard (1-way),"$6,875,000","$5,000,000"
27. Ivan Provorov,Ivan Provorov,25,LD,Left,79,9,22,31,0.39,-20,170,0.05,24:53:00,7.34,170,322,221,0.22,5.19,9.83,6.74,993,1061,48.34,1727,1955,46.9,1316,1453,47.53,84.88,110.18,43.51,Standard (1-way),"$6,750,000","$4,750,000"
28. Ryan McDonagh,Ryan McDonagh,33,LD,Left,71,4,22,26,0.37,15,85,0.05,22:26:00,5.37,85,180,131,0.2,3.2,6.78,4.93,635,896,41.48,1177,1634,41.87,906,1241,42.2,67.25,87.13,43.56,Standard (1-way),"$6,750,000","$5,460,000"
29. Justin Faulk,Justin Faulk,30,RD,Right,76,16,31,47,0.62,41,167,0.1,23:11:00,9.19,167,318,219,0.31,5.68,10.82,7.45,889,933,48.79,1541,1619,48.77,1186,1302,47.67,87.88,88.26,49.89,Standard (1-way),"$6,500,000","$5,850,000"
30. Hampus Lindholm,Hampus Lindholm,28,LD,Left,71,5,22,27,0.38,10,142,0.04,22:30:00,6.72,142,275,201,0.25,5.33,10.33,7.55,809,881,47.87,1419,1541,47.94,1108,1192,48.17,72.62,81.09,47.24,Standard (1-way),"$6,500,000","$7,250,000"
31. Cam Fowler,Cam Fowler,30,LD/RD,Left,76,9,33,42,0.55,-9,124,0.07,24:24:00,6.97,124,300,170,0.23,4.01,9.69,5.5,893,1037,46.27,1665,1852,47.34,1231,1440,46.09,82.91,107.35,43.58,Standard (1-way),"$6,500,000","$4,750,000"
32. Torey Krug,Torey Krug,31,LD,Left,64,9,34,43,0.67,23,119,0.08,20:33:00,6.35,119,245,173,0.28,5.43,11.17,7.89,799,667,54.5,1385,1140,54.85,1063,933,53.26,78.04,64.87,54.61,Standard (1-way),"$6,500,000","$8,000,000"
33. Colton Parayko,Colton Parayko,29,RD,Right,80,6,29,35,0.44,16,135,0.04,23:33:00,7.53,135,244,183,0.24,4.3,7.77,5.83,824,1055,43.85,1390,1904,42.2,1093,1463,42.76,81.52,96.04,45.91,Standard (1-way),"$6,500,000","$7,250,000"
34. Joshua Morrissey,Joshua Morrissey,27,LD,Left,79,12,25,37,0.47,-3,173,0.07,23:39:00,11.35,173,351,251,0.36,5.55,11.27,8.06,1079,935,53.57,1912,1632,53.95,1454,1264,53.5,118.5,96.08,55.22,Standard (1-way),"$6,250,000","$5,200,000"
35. Mattias Ekholm,Mattias Ekholm,32,LD/RD,Left,76,6,25,31,0.41,14,145,0.04,23:28:00,9.84,145,311,213,0.33,4.88,10.46,7.16,758,981,43.59,1420,1782,44.35,1098,1354,44.78,74.52,104.67,41.59,Standard (1-way),"$6,250,000","$5,500,000"
36. Ryan Ellis,Ryan Ellis,31,RD,Right,4,1,4,5,1.25,2,6,0.17,22:48:00,0.19,6,13,8,0.12,3.95,8.55,5.26,42,43,49.41,83,82,50.3,58,60,49.15,3.49,4.19,45.44,Standard (1-way),"$6,250,000","$5,300,000"
37. Jeff Petry,Jeff Petry,34,RD,Right,68,6,21,27,0.4,-11,124,0.05,22:07:00,4.55,124,266,160,0.18,4.95,10.61,6.38,784,833,48.48,1363,1485,47.86,1003,1117,47.31,70.72,86.74,44.91,Standard (1-way),"$6,250,000","$7,500,000"
38. Ryan Pulock,Ryan Pulock,27,RD,Right,56,5,16,21,0.38,0,122,0.04,21:08:00,4.92,122,226,159,0.25,6.18,11.46,8.06,586,658,47.11,1034,1203,46.22,791,893,46.97,55.45,60.41,47.86,Standard (1-way),"$6,150,000","$6,150,000"
39. Tyler Myers,Tyler Myers,32,RD,Right,82,1,17,18,0.22,15,128,0.01,21:58:00,5.79,128,257,173,0.19,4.26,8.56,5.76,865,1055,45.05,1564,1934,44.71,1193,1454,45.07,78.68,101.82,43.59,Standard (1-way),"$6,000,000","$5,000,000"
40. Matt Dumba,Matt Dumba,27,RD,Right,57,7,20,27,0.47,9,116,0.06,23:06:00,7.7,116,251,154,0.35,5.28,11.44,7.02,659,693,48.74,1197,1264,48.64,884,953,48.12,60.18,60.51,49.86,Standard (1-way),"$6,000,000","$5,200,000"
41. Erik Johnson,Erik Johnson,34,RD,Right,77,8,17,25,0.32,22,139,0.06,17:16:00,5.55,139,260,175,0.25,6.27,11.73,7.89,663,806,45.13,1183,1465,44.68,862,1087,44.23,57.18,76.17,42.88,Standard (1-way),"$6,000,000","$6,000,000"
42. Rasmus Dahlin,Rasmus Dahlin,22,LD/RD,Left,80,13,40,53,0.66,-22,170,0.08,24:00:00,8.66,171,322,224,0.27,5.34,10.05,6.99,1053,968,52.1,1829,1581,53.64,1406,1310,51.77,91.42,94.07,49.29,Standard (1-way),"$6,000,000","$5,800,000"
43. Jonas Brodin,Jonas Brodin,28,LD,Left,73,5,25,30,0.41,9,126,0.04,23:26:00,5.29,126,232,157,0.19,4.42,8.14,5.51,885,885,50,1566,1624,49.09,1179,1235,48.84,82.89,85.4,49.25,Standard (1-way),"$6,000,000","$5,000,000"
44. Nate Schmidt,Nate Schmidt,30,LD/RD,Left,77,4,28,32,0.42,-4,117,0.03,20:12:00,5.64,117,257,172,0.22,4.51,9.91,6.63,849,835,50.42,1542,1440,51.71,1163,1120,50.94,83.21,74.31,52.82,Standard (1-way),"$5,950,000","$5,000,000"
45. Neal Pionk,Neal Pionk,26,RD,Right,77,3,31,34,0.44,5,140,0.02,21:08:00,6.8,140,278,203,0.25,5.16,10.25,7.48,863,900,48.95,1530,1574,49.29,1196,1231,49.28,90.93,83.99,51.98,Standard (1-way),"$5,875,000","$6,500,000"
46. Esa Lindell,Esa Lindell,28,LD,Left,76,4,21,25,0.33,4,136,0.03,22:02:00,4.28,136,211,159,0.15,4.87,7.56,5.69,735,912,44.63,1289,1766,42.19,995,1279,43.76,70.22,79.36,46.94,Standard (1-way),"$5,800,000","$6,000,000"
47. Adam Pelech,Adam Pelech,27,LD,Left,78,3,25,28,0.36,20,104,0.03,21:16:00,5.42,104,225,137,0.2,3.76,8.13,4.95,787,905,46.51,1390,1646,45.78,1063,1220,46.56,72.22,84.52,46.08,Standard (1-way),"$5,750,000","$5,750,000"
48. Jake Muzzin,Jake Muzzin,33,LD,Left,47,3,11,14,0.3,-6,75,0.04,20:43:00,2.6,75,166,104,0.16,4.62,10.22,6.41,479,554,46.37,904,967,48.32,676,732,48.01,46.05,48.76,48.57,Standard (1-way),"$5,625,000","$4,000,000"
49. Jaccob Slavin,Jaccob Slavin,28,LD,Left,79,4,38,42,0.53,35,165,0.02,23:31:00,7.76,165,341,237,0.25,5.33,11.01,7.65,1015,868,53.9,1815,1570,53.62,1421,1218,53.85,113.03,87.86,56.26,Standard (1-way),"$5,300,000","$5,500,000"
50. Brady Skjei,Brady Skjei,28,LD,Left,82,9,30,39,0.48,22,184,0.05,21:08:00,8.6,184,330,253,0.3,6.37,11.42,8.76,914,907,50.19,1655,1558,51.51,1270,1250,50.4,90.01,89.59,50.12,Standard (1-way),"$5,250,000","$5,400,000"
51. Alec Martinez,Alec Martinez,34,LD,Left,26,3,5,8,0.31,6,32,0.09,19:32:00,1.14,32,69,45,0.14,3.78,8.15,5.31,282,278,50.36,510,518,49.61,382,362,51.34,28.98,26.79,51.96,Standard (1-way),"$5,250,000","$5,750,000"
52. Shea Theodore,Shea Theodore,26,LD/RD,Left,78,14,38,52,0.67,6,205,0.07,23:08:00,11.13,205,417,273,0.37,6.82,13.87,9.08,1137,832,57.75,2029,1555,56.61,1511,1143,56.93,113.01,90.77,55.46,Standard (1-way),"$5,200,000","$5,200,000"
53. Rasmus Ristolainen,Rasmus Ristolainen,27,RD,Right,66,2,14,16,0.24,-9,97,0.02,21:26:00,5.88,97,200,140,0.25,4.11,8.48,5.94,706,872,44.74,1216,1577,43.54,952,1182,44.61,62.51,82.03,43.25,Standard (1-way),"$5,100,000","$4,000,000"
54. Dmitry Orlov,Dmitry Orlov,30,LD,Left,76,12,23,35,0.46,25,127,0.09,20:57:00,6.65,127,238,174,0.25,4.78,8.96,6.55,822,727,53.07,1481,1359,52.15,1132,1007,52.92,78.5,64.81,54.77,Standard (1-way),"$5,100,000","$3,300,000"
55. Samuel Girard,Samuel Girard,24,LD/RD,Left,67,5,23,28,0.42,-4,79,0.06,21:38:00,3.11,79,188,116,0.13,3.27,7.78,4.8,787,762,50.81,1490,1331,52.82,1073,1021,51.24,62.27,62.77,49.8,Standard (1-way),"$5,000,000","$5,000,000"
56. TJ Brodie,TJ Brodie,32,LD/RD,Left,82,4,24,28,0.34,20,68,0.06,21:18:00,3.09,68,158,97,0.11,2.33,5.42,3.33,899,909,49.72,1569,1591,49.65,1208,1253,49.09,82.6,77.95,51.45,Standard (1-way),"$5,000,000","$5,000,000"
57. Anthony Deangelo,Anthony Deangelo,26,RD,Right,64,10,41,51,0.8,30,151,0.07,19:48:00,7.44,151,264,191,0.35,7.15,12.5,9.03,828,568,59.31,1528,1005,60.32,1191,790,60.12,90.38,58.6,60.67,Standard (1-way),"$5,000,000","$5,000,000"
58. Noah Hanifin,Noah Hanifin,25,LD,Left,81,10,38,48,0.59,27,189,0.05,21:18:00,8.82,189,397,281,0.31,6.57,13.8,9.77,1053,823,56.13,1828,1449,55.78,1425,1123,55.93,103.65,73.23,58.6,Standard (1-way),"$4,950,000","$4,950,000"
59. Michael Matheson,Michael Matheson,28,LD,Left,74,11,20,31,0.42,12,140,0.08,18:47:00,7.24,140,295,210,0.31,6.04,12.72,9.06,805,724,52.65,1416,1228,53.56,1101,931,54.18,74.34,59.02,55.75,Standard (1-way),"$4,875,000","$4,000,000"
60. Mikhail Sergachev,Mikhail Sergachev,24,LD/RD,Left,78,7,31,38,0.49,6,149,0.05,22:28:00,6.6,149,283,206,0.23,5.09,9.69,7.05,821,871,48.52,1483,1595,48.18,1155,1194,49.17,83.2,83.21,50,Standard (1-way),"$4,800,000","$7,200,000"
61. Ben Chiarot,Ben Chiarot,31,LD,Left,74,9,17,26,0.35,-14,143,0.06,22:51:00,5.64,143,268,177,0.2,5.07,9.51,6.28,841,1032,44.9,1468,1792,45.03,1116,1399,44.37,78.16,106.09,42.42,Standard (1-way),"$4,750,000","$4,250,000"
62. Travis Sanheim,Travis Sanheim,26,LD,Left,80,7,24,31,0.39,9,123,0.06,22:58:00,6.64,123,249,174,0.22,4.01,8.13,5.68,927,1102,45.69,1604,1986,44.68,1225,1511,44.77,81.09,106.49,43.23,Standard (1-way),"$4,675,000","$5,350,000"
63. Jamie Oleksiak,Jamie Oleksiak,29,LD/RD,Left,72,1,16,17,0.24,-1,95,0.01,19:19:00,6.42,95,176,128,0.28,4.09,7.59,5.52,628,712,46.87,1135,1276,47.08,873,975,47.24,56.39,66.86,45.75,Standard (1-way),"$4,600,000","$4,250,000"
64. Jakob Chychrun,Jakob Chychrun,24,LD/RD,Left,47,7,14,21,0.45,-20,141,0.05,22:59:00,7.1,141,293,223,0.39,7.83,16.27,12.38,476,578,45.16,905,1028,46.82,692,788,46.76,45.03,53.48,45.71,Standard (1-way),"$4,600,000","$4,000,000"
65. Rasmus Andersson,Rasmus Andersson,25,RD,Right,82,4,46,50,0.61,30,152,0.03,22:40:00,8.52,152,289,214,0.28,4.91,9.33,6.91,1213,862,58.46,2099,1526,57.9,1654,1190,58.16,126.26,81.14,60.88,Standard (1-way),"$4,550,000","$4,550,000"
66. Christopher Tanev,Christopher Tanev,32,RD,Right,82,6,22,28,0.34,35,88,0.07,20:27:00,3.11,88,180,129,0.11,3.15,6.44,4.61,821,862,48.78,1496,1613,48.12,1132,1211,48.31,75.26,79.28,48.7,Standard (1-way),"$4,500,000","$4,500,000"
67. Tyson Barrie,Tyson Barrie,30,RD,Right,73,7,34,41,0.56,3,149,0.05,18:57:00,6.33,149,297,200,0.27,6.46,12.87,8.67,825,700,54.1,1486,1163,56.1,1113,945,54.08,87.56,60.72,59.05,Standard (1-way),"$4,500,000","$4,500,000"
68. Josh Manson,Josh Manson,30,RD,Right,67,6,10,16,0.24,-11,92,0.07,18:58:00,4.38,92,172,122,0.21,4.34,8.11,5.76,584,717,44.89,1059,1278,45.31,782,986,44.23,47.54,66.3,41.76,Standard (1-way),"$4,500,000","$5,500,000"
69. Shayne Gostisbehere,Shayne Gostisbehere,29,LD/RD,Left,82,14,37,51,0.62,-23,151,0.09,22:11:00,7.79,151,314,216,0.26,4.98,10.35,7.12,861,1018,45.82,1606,1754,47.8,1191,1353,46.82,85.75,95.94,47.2,Standard (1-way),"$4,500,000","$3,250,000"
70. Nikita Zaitsev,Nikita Zaitsev,30,RD,Right,62,2,9,11,0.18,-7,65,0.03,18:59:00,2.47,65,138,102,0.13,3.31,7.03,5.2,491,770,38.94,912,1394,39.54,701,1041,40.24,48,73.45,39.52,Standard (1-way),"$4,500,000","$4,500,000"
71. Connor Murphy,Connor Murphy,29,RD,Right,57,4,6,10,0.18,-14,71,0.06,21:45:00,2.52,71,149,98,0.12,3.43,7.21,4.74,473,739,39.03,878,1406,38.44,636,994,39.02,42.31,63.68,39.92,Standard (1-way),"$4,400,000","$3,000,000"
72. Filip Hronek,Filip Hronek,24,RD,Right,78,5,33,38,0.49,-29,133,0.04,22:01:00,6.79,133,280,191,0.24,4.63,9.77,6.67,808,970,45.44,1450,1631,47.06,1103,1292,46.05,82.51,101.75,44.78,Standard (1-way),"$4,400,000","$4,500,000"
73. John Marino,John Marino,25,RD,Right,81,1,24,25,0.31,1,90,0.01,20:38:00,4.59,90,191,129,0.16,3.23,6.86,4.63,856,883,49.22,1470,1579,48.21,1149,1207,48.77,72.2,81.13,47.09,Standard (1-way),"$4,400,000","$3,500,000"
74. Oscar Klefbom,Oscar Klefbom,28,LD,Left,0,0,0,0,0,0,0,0,,0,0,0,0,0,0,0,0,,,0,,,0,,,0,0,0,0,Standard (1-way),"$4,167,000","$5,169,000"
75. Damon Severson,Damon Severson,27,RD,Right,80,11,35,46,0.58,-14,158,0.07,23:36:00,9.5,158,312,224,0.3,5.01,9.91,7.12,931,933,49.95,1728,1676,50.76,1320,1323,49.94,91.06,100.4,47.56,Standard (1-way),"$4,166,666","$5,100,000"
76. Brian Dumoulin,Brian Dumoulin,30,LD,Left,76,3,15,18,0.24,24,91,0.03,21:49:00,3.77,91,185,135,0.14,3.29,6.69,4.88,849,994,46.07,1412,1762,44.49,1105,1318,45.6,76.53,85.16,47.33,Standard (1-way),"$4,100,000","$4,100,000"
77. Devon Toews,Devon Toews,28,LD,Left,66,13,44,57,0.86,52,158,0.08,25:22:00,8.47,158,267,202,0.3,5.66,9.57,7.24,994,881,53.01,1743,1532,53.22,1304,1178,52.54,96.19,78.47,55.07,Standard (1-way),"$4,100,000","$4,600,000"
78. Brandon Carlo,Brandon Carlo,25,RD,Right,79,6,9,15,0.19,2,125,0.05,19:42:00,3.16,125,213,162,0.12,4.82,8.21,6.24,750,799,48.42,1267,1477,46.17,1003,1127,47.09,57.31,67.23,46.01,Standard (1-way),"$4,100,000","$3,500,000"
79. Jake Gardiner,Jake Gardiner,31,LD,Left,0,0,0,0,0,0,0,0,,0,0,0,0,0,0,0,0,,,0,,,0,,,0,0,0,0,Standard (1-way),"$4,050,000","$4,450,000"
80. Marcus Pettersson,Marcus Pettersson,26,LD,Left,72,2,17,19,0.26,8,83,0.02,15:39:00,3.25,83,189,136,0.17,4.42,10.06,7.24,598,502,54.36,1048,924,53.14,801,689,53.76,48.41,40.21,54.63,Standard (1-way),"$4,025,175","$4,025,175"
81. Brett Pesce,Brett Pesce,27,RD,Right,70,7,21,28,0.4,5,148,0.05,21:42:00,6.2,148,304,209,0.24,5.85,12.01,8.26,786,804,49.43,1451,1364,51.55,1117,1103,50.32,79.29,78.7,50.18,Standard (1-way),"$4,025,000","$4,025,000"
82. Adam Larsson,Adam Larsson,29,RD,Right,82,8,17,25,0.3,-23,119,0.07,22:16:00,4.17,119,260,174,0.14,3.91,8.53,5.72,729,962,43.11,1428,1764,44.74,1045,1340,43.82,62.25,97.17,39.04,Standard (1-way),"$4,000,000","$3,500,000"
83. Erik Gudbranson,Erik Gudbranson,30,RD,Right,78,6,11,17,0.22,15,129,0.05,18:08:00,3.91,129,268,181,0.17,5.47,11.37,7.68,705,746,48.59,1335,1317,50.34,1017,1024,49.83,56.52,73.08,43.61,Standard (1-way),"$4,000,000","$5,000,000"
84. Jake McCabe,Jake McCabe,28,LD/RD,Left,75,4,18,22,0.29,-27,80,0.05,20:18:00,4.13,80,181,111,0.16,3.15,7.13,4.37,576,957,37.57,1082,1773,37.9,778,1295,37.53,50.45,83.95,37.54,Standard (1-way),"$4,000,000","$4,000,000"
85. Vince Dunn,Vince Dunn,25,LD/RD,Left,73,7,28,35,0.48,-21,121,0.06,20:40:00,6.18,121,282,179,0.25,4.8,11.21,7.12,800,688,53.76,1493,1226,54.91,1104,944,53.91,69.23,71.09,49.34,Standard (1-way),"$4,000,000","$4,000,000"
86. Nick Leddy,Nick Leddy,31,LD,Left,75,3,21,24,0.32,-30,71,0.04,21:25:00,3.07,71,138,104,0.11,2.65,5.16,3.89,773,860,47.34,1378,1465,48.47,1048,1161,47.44,73.23,80.8,47.54,Standard (1-way),"$4,000,000","$5,000,000"
87. Noah Dobson,Noah Dobson,22,RD,Right,80,13,38,51,0.64,-3,190,0.07,21:27:00,8.68,190,401,269,0.3,6.64,14.01,9.4,927,898,50.79,1645,1613,50.49,1253,1209,50.89,92.54,86.7,51.63,Standard (1-way),"$4,000,000","$4,000,000"
88. Brenden Dillon,Brenden Dillon,31,LD,Left,79,3,17,20,0.25,16,85,0.04,18:49:00,4.23,85,203,130,0.17,3.43,8.19,5.24,720,862,45.51,1287,1593,44.69,991,1222,44.78,73.77,88.55,45.45,Standard (1-way),"$3,900,000","$5,500,000"
89. Kevin Shattenkirk,Kevin Shattenkirk,33,RD,Right,82,8,27,35,0.43,-9,163,0.05,21:25:00,7.54,163,295,214,0.26,5.57,10.08,7.31,838,964,46.5,1527,1770,46.31,1151,1325,46.49,80.01,94.62,45.82,Standard (1-way),"$3,900,000","$4,950,000"
90. Nikita Zadorov,Nikita Zadorov,27,LD/RD,Left,74,4,18,22,0.3,11,106,0.04,16:54:00,4.26,106,225,166,0.2,5.08,10.79,7.96,717,578,55.37,1322,973,57.6,1011,782,56.39,58.13,51.01,53.26,Standard (1-way),"$3,750,000","$3,750,000"
91. Matt Grzelcyk,Matt Grzelcyk,28,LD,Left,73,4,20,24,0.33,22,118,0.03,18:43:00,3.98,118,211,154,0.17,5.17,9.25,6.75,852,567,60.04,1428,1059,57.42,1128,796,58.63,69.22,46.54,59.8,Standard (1-way),"$3,687,500","$4,250,000"
92. David Savard,David Savard,31,RD,Right,62,3,14,17,0.27,-22,66,0.05,20:47:00,4.7,66,127,88,0.22,3.07,5.91,4.09,552,862,39.04,976,1531,38.93,739,1171,38.69,50.98,83.84,37.81,Standard (1-way),"$3,500,000","$4,200,000"
93. Brandon Montour,Brandon Montour,28,RD,Right,81,11,26,37,0.46,15,153,0.07,17:53:00,9.52,153,298,219,0.39,6.33,12.33,9.06,908,733,55.33,1617,1207,57.26,1201,967,55.4,80.47,64.89,55.36,Standard (1-way),"$3,500,000","$3,500,000"
94. Joel Edmundson,Joel Edmundson,29,LD/RD,Left,24,3,3,6,0.25,-1,32,0.09,19:35:00,0.88,32,59,41,0.11,4.09,7.53,5.23,223,313,41.6,372,578,39.15,277,414,40.09,18.32,33.81,35.14,Standard (1-way),"$3,500,000","$4,562,500"
95. Marco Scandella,Marco Scandella,32,LD,Left,70,3,11,14,0.2,17,76,0.04,18:08:00,4.21,76,142,105,0.2,3.59,6.71,4.96,530,783,40.36,888,1366,39.4,692,1081,39.03,53.68,71.94,42.73,Standard (1-way),"$3,275,000","$3,850,000"
96. Cody Ceci,Cody Ceci,28,RD,Right,78,5,23,28,0.36,8,102,0.05,20:53:00,3.23,102,213,138,0.12,3.75,7.84,5.08,782,966,44.74,1396,1669,45.55,1055,1284,45.1,77.76,90.58,46.19,Standard (1-way),"$3,250,000","$3,000,000"
97. Mario Ferraro,Mario Ferraro,23,LD,Left,63,2,12,14,0.22,-5,49,0.04,23:00:00,2.36,49,108,77,0.1,2.02,4.47,3.19,609,845,41.88,1148,1614,41.56,872,1167,42.77,55.9,81.3,40.74,Standard (1-way),"$3,250,000","$3,250,000"
98. MacKenzie Weegar,MacKenzie Weegar,28,LD/RD,Right,80,8,36,44,0.55,40,203,0.04,23:22:00,10.02,203,391,271,0.32,6.51,12.55,8.69,1143,985,53.71,1992,1712,53.78,1520,1292,54.05,115.77,99.76,53.71,Standard (1-way),"$3,250,000","$4,750,000"
99. Ryan Graves,Ryan Graves,27,LD,Left,75,6,22,28,0.37,-9,111,0.05,20:43:00,5.26,111,241,162,0.2,4.29,9.3,6.25,733,880,45.44,1352,1554,46.52,1017,1205,45.77,67.59,84.62,44.41,Standard (1-way),"$3,166,667","$4,000,000"
100. Matt Roy,Matt Roy,27,RD,Right,67,2,19,21,0.31,23,153,0.01,20:59:00,6.09,153,276,204,0.26,6.53,11.78,8.71,795,682,53.83,1406,1295,52.05,1092,950,53.48,73.66,69.89,51.31,Standard (1-way),"$3,150,000","$3,250,000"
101. Ryan Lindgren,Ryan Lindgren,24,LD,Left,78,4,11,15,0.19,18,73,0.05,20:06:00,4.12,73,154,100,0.16,2.79,5.89,3.83,666,815,44.97,1187,1544,43.46,909,1151,44.13,61.82,74.42,45.38,Standard (1-way),"$3,000,000","$3,000,000"
102. Dylan DeMelo,Dylan DeMelo,29,RD,Right,76,1,12,13,0.17,10,78,0.01,18:29:00,3.21,78,141,98,0.14,3.33,6.02,4.18,654,809,44.7,1151,1461,44.07,892,1111,44.53,61.4,80.26,43.34,Standard (1-way),"$3,000,000","$3,000,000"
103. Mike Reilly,Mike Reilly,28,LD,Left,70,4,13,17,0.24,-1,135,0.03,18:56:00,5.43,135,230,178,0.25,6.11,10.41,8.05,874,633,58,1410,1098,56.22,1123,855,56.77,64.79,51.47,55.73,Standard (1-way),"$3,000,000","$3,000,000"
104. Justin Schultz,Justin Schultz,31,RD,Right,74,4,19,23,0.31,-15,92,0.04,16:55:00,5.44,92,205,137,0.26,4.41,9.82,6.57,634,556,53.28,1211,1037,53.87,915,756,54.76,58.14,47.86,54.85,Standard (1-way),"$3,000,000","$3,000,000"
105. Travis Hamonic,Travis Hamonic,31,RD,Right,43,4,6,10,0.23,6,82,0.05,18:50:00,3.17,82,171,109,0.23,6.07,12.66,8.07,366,479,43.31,705,917,43.46,511,665,43.45,33.08,46.95,41.33,Standard (1-way),"$3,000,000","$3,250,000"
106. Ian Cole,Ian Cole,33,LD/RD,Left,75,2,17,19,0.25,15,77,0.03,17:09:00,2.68,77,180,121,0.12,3.59,8.4,5.64,636,564,53,1179,1056,52.75,910,797,53.31,60.82,59.13,50.7,Standard (1-way),"$3,000,000","$3,000,000"
107. Derek Forbort,Derek Forbort,30,LD,Left,76,4,10,14,0.18,2,64,0.06,18:06:00,1.83,64,132,90,0.08,2.79,5.76,3.92,640,727,46.82,1038,1375,43.02,821,1030,44.35,50.76,66.18,43.41,Standard (1-way),"$3,000,000","$3,500,000"
108. Erik Cernak,Erik Cernak,25,RD,Right,55,1,12,13,0.24,7,86,0.01,19:09:00,2.91,86,176,127,0.17,4.9,10.02,7.23,466,538,46.41,867,1017,46.02,673,763,46.87,46.57,55.45,45.65,Standard (1-way),"$2,950,000","$4,425,000"
109. Brayden McNabb,Brayden McNabb,31,LD,Left,69,3,15,18,0.26,10,85,0.04,19:42:00,3.99,85,195,133,0.18,3.75,8.61,5.87,639,730,46.68,1148,1451,44.17,864,1016,45.96,67.09,74.47,47.4,Standard (1-way),"$2,850,000","$3,600,000"
110. Vladislav Gavrikov,Vladislav Gavrikov,26,LD,Left,80,5,28,33,0.41,-3,108,0.05,22:17:00,6.72,108,204,145,0.23,3.63,6.87,4.88,793,1119,41.47,1430,1922,42.66,1103,1488,42.57,75.73,106.15,41.64,Standard (1-way),"$2,800,000","$4,200,000"
111. Zach Whitecloud,Zach Whitecloud,25,RD,Right,59,8,11,19,0.32,21,94,0.09,18:47:00,4.21,94,188,134,0.23,5.09,10.17,7.25,558,552,50.27,1004,1073,48.34,762,756,50.2,52.97,53.71,49.65,Standard (1-way),"$2,750,000","$3,000,000"
112. Carson Soucy,Carson Soucy,27,LD/RD,Left,64,10,11,21,0.33,7,97,0.1,17:39:00,4.2,97,169,118,0.22,5.15,8.97,6.26,553,558,49.77,944,1008,48.36,719,781,47.93,48.67,55.84,46.57,Standard (1-way),"$2,750,000","$3,500,000"
113. John Moore,John Moore,31,LD,Left,7,0,1,1,0.14,2,7,0,17:34:00,0.27,7,15,10,0.13,3.42,7.32,4.88,53,84,38.69,90,159,36.14,69,124,35.75,3.29,7.47,30.58,Standard (1-way),"$2,750,000","$2,250,000"
114. Ilya Lyubushkin,Ilya Lyubushkin,28,RD,Right,77,2,13,15,0.19,-2,54,0.04,17:27:00,1.87,54,104,75,0.08,2.41,4.63,3.35,554,776,41.65,1033,1352,43.31,787,1041,43.05,49.25,64.63,43.25,Standard (1-way),"$2,750,000","$2,750,000"
115. Jan Rutta,Jan Rutta,31,LD/RD,Right,76,3,15,18,0.24,25,86,0.03,16:23:00,3.16,86,198,130,0.15,4.13,9.53,6.26,608,636,48.87,1099,1120,49.53,840,866,49.24,52.25,53.21,49.54,Standard (1-way),"$2,750,000","$3,250,000"
116. Brett Kulak,Brett Kulak,28,LD/RD,Left,74,5,16,21,0.28,-4,92,0.05,17:45:00,2.88,92,179,119,0.13,4.2,8.17,5.43,637,670,48.74,1125,1169,49.04,835,895,48.27,55.03,60.3,47.72,Standard (1-way),"$2,750,000","$3,250,000"
117. Gustav Forsling,Gustav Forsling,26,LD,Left,71,10,27,37,0.52,41,145,0.07,21:13:00,7.51,145,296,192,0.3,5.77,11.79,7.64,865,820,51.34,1490,1424,51.13,1126,1103,50.52,85.91,83.67,50.66,Standard (1-way),"$2,666,667","$2,500,000"
118. Sean Walker,Sean Walker,27,RD,Right,6,0,2,2,0.33,-1,18,0,18:22:00,0.77,18,32,22,0.42,9.8,17.42,11.97,79,60,56.83,127,103,55.22,99,78,55.93,5.47,5.16,51.46,Standard (1-way),"$2,650,000","$3,000,000"
119. Adam Boqvist,Adam Boqvist,21,RD,Right,52,11,11,22,0.42,-11,64,0.17,17:02:00,4.51,64,130,91,0.31,4.33,8.8,6.16,486,510,48.8,879,850,50.84,668,680,49.55,41.15,50.24,45.03,Standard (1-way),"$2,600,000","$2,000,000"
120. Philippe Myers,Philippe Myers,25,RD,Right,27,1,3,4,0.15,5,28,0.04,14:52:00,1.19,28,72,49,0.18,4.18,10.75,7.32,156,204,43.33,312,375,45.41,234,289,44.74,12.84,18.26,41.29,Standard (1-way),"$2,550,000","$3,800,000"
121. Patrik Nemeth,Patrik Nemeth,30,LD,Left,63,2,5,7,0.11,-9,52,0.04,16:38:00,2.33,52,114,78,0.13,2.98,6.53,4.47,377,639,37.11,689,1165,37.15,518,881,37.03,33.61,56.54,37.29,Standard (1-way),"$2,500,000","$2,500,000"
122. Oliver Kylington,Oliver Kylington,25,LD/RD,Left,73,9,22,31,0.42,34,138,0.07,18:09:00,7.56,138,277,194,0.34,6.24,12.53,8.77,761,604,55.75,1373,1105,55.41,1038,845,55.12,69.54,49.44,58.45,Standard (1-way),"$2,500,000","$2,500,000"
123. Radko Gudas,Radko Gudas,32,RD,Right,77,3,13,16,0.21,27,100,0.03,18:00:00,3.56,100,222,144,0.15,4.33,9.6,6.23,734,720,50.48,1310,1287,50.44,973,966,50.18,77.15,69.18,52.72,Standard (1-way),"$2,500,000","$2,500,000"
124. Henri Jokiharju,Henri Jokiharju,23,RD,Right,60,3,16,19,0.32,-8,83,0.04,21:52:00,3.2,83,146,102,0.15,3.79,6.66,4.65,652,761,46.14,1098,1285,46.08,846,1044,44.76,51.67,75.01,40.79,Standard (1-way),"$2,500,000","$2,500,000"
125. Tucker Poolman,Tucker Poolman,29,RD,Right,40,1,2,3,0.08,2,47,0.02,17:00:00,1.72,47,104,61,0.15,4.15,9.18,5.38,315,362,46.53,560,683,45.05,412,485,45.93,26.08,33.04,44.11,Standard (1-way),"$2,500,000","$2,250,000"
126. Nick Jensen,Nick Jensen,31,RD,Right,76,5,16,21,0.28,32,88,0.06,19:20:00,3.88,88,204,141,0.16,3.59,8.33,5.75,646,751,46.24,1180,1447,44.92,904,1072,45.75,57.69,71.8,44.55,Standard (1-way),"$2,500,000","$2,000,000"
127. Artem Zub,Artem Zub,26,RD,Right,81,6,16,22,0.27,1,92,0.07,21:02:00,4.3,92,194,127,0.15,3.24,6.83,4.47,766,926,45.27,1417,1708,45.34,1074,1287,45.49,68.04,87.53,43.74,Standard (1-way),"$2,500,000","$3,250,000"
128. Alexander Romanov,Alexander Romanov,22,LD,Left,79,3,10,13,0.16,-9,107,0.03,20:23:00,3.43,107,244,148,0.13,3.98,9.09,5.51,714,986,42,1300,1812,41.77,964,1371,41.28,62.04,95.77,39.31,Standard (1-way),"$2,500,000","$2,500,000"
129. Jacob Middleton,Jacob Middleton,26,LD,Left,66,4,10,14,0.21,10,73,0.05,18:40:00,3.84,73,124,96,0.19,3.55,6.03,4.67,569,667,46.04,994,1280,43.71,777,933,45.44,49.71,56.7,46.72,Standard (1-way),"$2,450,000","$2,800,000"
130. Dante Fabbro,Dante Fabbro,24,RD,Right,66,3,21,24,0.36,13,88,0.03,19:03:00,3.36,88,189,131,0.16,4.2,9.02,6.25,635,659,49.07,1171,1230,48.77,900,911,49.7,55.83,54.95,50.4,Standard (1-way),"$2,400,000","$2,400,000"
131. Jake Bean,Jake Bean,24,LD/RD,Left,67,7,18,25,0.37,-5,90,0.08,20:34:00,4.54,90,209,134,0.2,3.92,9.1,5.83,660,805,45.05,1238,1312,48.55,923,1050,46.78,56.09,74.42,42.98,Standard (1-way),"$2,333,333","$2,200,000"
132. Nicolas Hague,Nicolas Hague,23,LD,Left,52,4,10,14,0.27,6,116,0.03,18:39:00,5.52,116,239,162,0.34,7.17,14.78,10.02,542,483,52.88,948,949,49.97,727,672,51.97,48.18,51.16,48.5,Standard (1-way),"$2,294,150","$2,700,000"
133. Olli Määttä,Olli Määttä,27,LD,Left,66,1,7,8,0.12,17,61,0.02,18:16:00,2.27,61,139,87,0.11,3.03,6.91,4.33,617,574,51.81,1077,1099,49.49,841,806,51.06,57.49,55.22,51.01,Standard (1-way),"$2,250,000","$2,250,000"
134. Radim Simek,Radim Simek,29,LD/RD,Left,36,1,1,2,0.06,-13,25,0.04,13:16:00,1.54,25,49,34,0.19,3.14,6.15,4.26,199,222,47.27,360,430,45.57,265,304,46.57,15.68,17.28,47.57,Standard (1-way),"$2,250,000","$2,150,000"
135. Dmitry Kulikov,Dmitry Kulikov,31,LD/RD,Left,80,7,17,24,0.3,23,74,0.09,18:11:00,4.76,74,168,112,0.2,3.05,6.92,4.62,668,814,45.07,1238,1472,45.68,927,1129,45.09,54.92,70.4,43.82,Standard (1-way),"$2,250,000","$2,250,000"
136. Ethan Bear,Ethan Bear,25,RD,Right,58,5,9,14,0.24,1,97,0.05,16:04:00,4.3,97,186,129,0.28,6.24,11.97,8.3,512,448,53.33,968,757,56.12,767,600,56.11,50.42,40.63,55.38,Standard (1-way),"$2,200,000","$2,200,000"
137. Justin Holl,Justin Holl,30,RD,Right,69,3,20,23,0.33,14,64,0.05,20:12:00,3.67,64,128,90,0.16,2.75,5.51,3.87,672,785,46.12,1230,1355,47.58,936,1034,47.51,64.61,67.23,49,Standard (1-way),"$2,000,000","$2,000,000"
138. Jérémy Lauzon,Jérémy Lauzon,25,LD/RD,Left,66,2,5,7,0.11,-6,75,0.03,17:40:00,2.76,75,151,100,0.14,3.86,7.77,5.14,477,662,41.88,869,1188,42.25,668,915,42.2,40.58,62.42,39.4,Standard (1-way),"$2,000,000","$2,000,000"
139. Niko Mikkola,Niko Mikkola,26,LD,Left,54,3,10,13,0.24,-6,58,0.05,16:58:00,2.24,58,110,79,0.15,3.8,7.2,5.17,381,502,43.15,653,907,41.86,514,685,42.87,36.52,42.36,46.3,Standard (1-way),"$1,900,000","$1,900,000"
140. Jacob Bryson,Jacob Bryson,24,LD/RD,Left,73,1,9,10,0.14,-9,43,0.02,18:20:00,1.2,43,85,51,0.05,1.93,3.81,2.29,617,662,48.24,1071,1144,48.35,825,908,47.61,51.54,62.87,45.05,Standard (1-way),"$1,850,000","$1,800,000"
141. Colin Miller,Colin Miller,29,RD,Right,38,2,12,14,0.37,-2,48,0.04,18:58:00,1.64,48,102,73,0.14,3.99,8.48,6.07,329,377,46.6,589,635,48.12,450,509,46.92,26.18,33.11,44.15,Standard (1-way),"$1,850,000","$2,000,000"
142. Sean Durzi,Sean Durzi,23,LD/RD,Right,64,3,24,27,0.42,-9,119,0.03,19:35:00,6.22,119,247,150,0.3,5.69,11.82,7.18,728,557,56.65,1310,1076,54.9,1007,796,55.85,72.42,60.65,54.42,Standard (1-way),"$1,700,000","$1,400,000"
143. Juuso Välimäki,Juuso Välimäki,23,LD,Left,9,0,2,2,0.22,0,11,0,15:42:00,0.3,11,21,13,0.13,4.67,8.91,5.52,78,84,48.15,145,152,48.82,106,117,47.53,5.17,7.54,40.68,Standard (1-way),"$1,550,000","$2,000,000"
144. Travis Dermott,Travis Dermott,25,LD/RD,Left,60,2,5,7,0.12,9,46,0.04,15:20:00,2.48,46,100,68,0.16,3,6.52,4.43,465,452,50.71,866,791,52.26,658,616,51.65,42.81,35.9,54.38,Standard (1-way),"$1,500,000","$1,750,000"
145. Jani Hakanpää,Jani Hakanpää,30,RD,Right,80,4,8,12,0.15,1,68,0.06,16:12:00,2.91,68,158,99,0.13,3.15,7.31,4.58,494,690,41.72,929,1346,40.84,704,965,42.18,46.97,62.74,42.81,Standard (1-way),"$1,500,000","$1,500,000"
146. Markus Nutivaara,Markus Nutivaara,28,LD/RD,Left,1,0,1,1,1,0,0,0,7:01:00,0,0,0,0,0,0,0,0,4,3,57.14,8,4,66.67,6,3,66.67,0.52,0.1,83.87,Standard (1-way),"$1,500,000","$1,500,000"
147. Scott Mayfield,Scott Mayfield,29,RD,Right,61,3,15,18,0.3,-5,80,0.04,19:46:00,3.58,80,202,125,0.18,3.98,10.05,6.22,511,666,43.42,953,1214,43.98,698,897,43.76,52.56,60.35,46.55,Standard (1-way),"$1,450,000","$2,000,000"
148. Rasmus Sandin,Rasmus Sandin,22,LD,Left,51,5,11,16,0.31,9,46,0.11,16:57:00,3.02,46,122,76,0.21,3.19,8.46,5.27,515,410,55.68,960,706,57.62,716,536,57.19,50.42,29.99,62.7,Standard (1-way),"$1,400,000","$1,200,000"
149. Timothy Liljegren,Timothy Liljegren,23,RD,Right,61,5,18,23,0.38,15,79,0.06,16:24:00,3.27,79,162,110,0.2,4.74,9.72,6.6,564,473,54.39,1014,873,53.74,773,648,54.4,54.36,38.69,58.42,Standard (1-way),"$1,400,000","$1,300,000"
150. Caleb Jones,Caleb Jones,25,LD/RD,Left,51,5,10,15,0.29,-3,57,0.09,16:43:00,2.54,57,100,69,0.18,4.01,7.03,4.84,392,434,47.46,700,817,46.14,508,592,46.18,31.87,36.76,46.44,Standard (1-way),"$1,350,000","$1,350,000"
151. Jordan Oesterle,Jordan Oesterle,30,LD/RD,Left,45,2,6,8,0.18,-7,63,0.03,18:17:00,1.92,63,101,77,0.14,4.59,7.36,5.61,374,467,44.47,652,816,44.41,479,635,43,27.79,42.89,39.32,Standard (1-way),"$1,350,000","$1,450,000"
152. Riley Stillman,Riley Stillman,24,LD,Left,52,2,10,12,0.23,-8,49,0.04,15:03:00,2.04,49,117,73,0.16,3.75,8.96,5.59,326,510,39,591,918,39.17,434,693,38.51,27.95,43.81,38.95,Standard (1-way),"$1,350,000","$1,350,000"
153. Joshua Brown,Joshua Brown,28,RD,Right,52,0,6,6,0.12,-7,45,0,14:13:00,1.11,45,87,63,0.09,3.65,7.06,5.11,334,470,41.54,593,818,42.03,457,621,42.39,25.46,44.22,36.54,Standard (1-way),"$1,275,000","$1,250,000"
154. Matthew Benning,Matthew Benning,28,RD,Right,65,0,11,11,0.17,-24,61,0,16:20:00,1.93,61,114,79,0.11,3.45,6.44,4.46,431,607,41.52,791,1083,42.21,619,834,42.6,36.76,55.18,39.97,Standard (1-way),"$1,250,000","$1,250,000"
155. Troy Stecher,Troy Stecher,28,RD,Right,29,1,2,3,0.1,-7,50,0.02,16:39:00,1.59,50,87,68,0.2,6.21,10.8,8.44,244,274,47.1,435,488,47.13,346,376,47.92,20.73,23.66,46.7,Standard (1-way),"$1,250,000","$1,250,000"
156. Jon Merrill,Jon Merrill,30,LD,Left,69,4,16,20,0.29,15,59,0.07,17:06:00,2.17,59,118,83,0.11,3,6,4.22,551,715,43.52,952,1237,43.49,749,937,44.42,40.27,55.98,41.84,Standard (1-way),"$1,200,000","$1,200,000"
157. Jakub Zboril,Jakub Zboril,25,LD/RD,Left,10,0,3,3,0.3,1,13,0,15:43:00,0.78,13,20,15,0.3,4.96,7.63,5.72,115,67,63.19,163,114,58.84,139,89,60.96,8.44,4.78,63.84,Standard (1-way),"$1,137,500","$975,000"
158. Jonas Siegenthaler,Jonas Siegenthaler,25,LD,Left,70,1,13,14,0.2,-5,92,0.01,20:34:00,2.54,92,190,121,0.11,3.84,7.92,5.04,678,735,47.98,1209,1321,47.79,919,1013,47.57,59.57,62.92,48.63,Standard (1-way),"$1,125,000","$1,200,000"
159. Brendan Smith,Brendan Smith,33,LD/RD,Left,45,4,4,8,0.18,6,63,0.06,13:55:00,2.75,63,128,86,0.26,6.04,12.26,8.24,322,249,56.39,594,474,55.62,459,363,55.84,31.12,27.36,53.21,Standard (1-way),"$1,100,000","$1,000,000"
160. Jake Walman,Jake Walman,26,LD,Left,51,3,7,10,0.2,-3,87,0.03,14:01:00,4.55,87,173,122,0.38,7.3,14.51,10.23,372,325,53.37,657,651,50.23,496,482,50.72,31.66,34.6,47.78,Standard (1-way),"$1,050,000","$1,050,000"
161. Michael Anderson,Michael Anderson,23,LD,Left,57,2,6,8,0.14,6,58,0.03,20:06:00,3.08,58,133,85,0.16,3.03,6.96,4.45,582,573,50.39,1031,1059,49.33,804,798,50.19,50.39,53.51,48.5,Standard (1-way),"$1,000,000","$1,000,000"
162. Connor Clifton,Connor Clifton,27,LD/RD,Right,60,2,8,10,0.17,-2,80,0.03,16:03:00,2.41,80,148,107,0.15,4.98,9.22,6.66,516,439,54.03,843,806,51.12,677,618,52.28,34.9,35.97,49.24,Standard (1-way),"$1,000,000","$1,000,000"
163. Kurtis MacDermid,Kurtis MacDermid,28,"LD/RD, LW",Left,58,2,3,5,0.09,1,46,0.04,7:23:00,2.18,46,89,63,0.3,6.43,12.44,8.81,215,229,48.42,396,386,50.64,279,300,48.19,16.51,17.21,48.96,Standard (1-way),"$987,500","$975,000"
164. Dysin Mayo,Dysin Mayo,25,RD,Right,67,4,8,12,0.18,-22,76,0.05,20:54:00,2.54,76,158,106,0.11,3.25,6.76,4.54,504,968,34.24,927,1725,34.95,687,1307,34.45,45.95,88.53,34.17,Standard (1-way),"$950,000","$850,000"
165. Nicolas Meloche,Nicolas Meloche,24,RD,Right,50,2,5,7,0.14,-17,36,0.06,16:52:00,1.31,36,94,52,0.09,2.56,6.68,3.7,344,438,43.99,621,869,41.68,473,629,42.92,28.68,39.65,41.97,Standard (1-way),"$950,000","$950,000"
166. Trevor van Riemsdyk,Trevor van Riemsdyk,30,RD,Right,72,1,16,17,0.24,-3,75,0.01,17:28:00,2.93,75,147,102,0.14,3.58,7.01,4.87,526,647,44.84,988,1274,43.68,742,920,44.65,46.13,61.03,43.05,Standard (1-way),"$950,000","$1,000,000"
167. Robert Bortuzzo,Robert Bortuzzo,33,RD,Right,73,1,5,6,0.08,-4,47,0.02,13:44:00,2.29,47,87,68,0.14,2.81,5.21,4.07,429,532,44.64,741,1019,42.1,581,756,43.46,39.89,52.33,43.26,Standard (1-way),"$950,000","$950,000"
168. Slater Koekkoek,Slater Koekkoek,28,LD/RD,Left,19,0,4,4,0.21,2,11,0,11:10:00,0.28,11,26,19,0.08,3.11,7.35,5.37,98,114,46.23,176,198,47.06,133,155,46.18,7.49,11.29,39.88,Standard (1-way),"$925,000","$1,100,000"
169. Connor Mackey,Connor Mackey,25,LD,Left,3,0,1,1,0.33,-1,4,0,13:34:00,0.23,4,8,7,0.34,5.89,11.78,10.31,22,17,56.41,41,33,55.41,29,22,56.86,1.53,1.43,51.69,Standard (1-way),"$912,500","$925,000"
170. Mark Borowiecki,Mark Borowiecki,32,LD,Left,57,0,4,4,0.07,-9,45,0,13:07:00,1.5,45,91,67,0.12,3.61,7.31,5.38,300,434,40.86,550,801,40.71,438,602,42.12,26.06,39.9,39.5,Standard (1-way),"$900,000","$900,000"
171. Logan Stanley,Logan Stanley,24,LD,Left,58,1,12,13,0.22,1,80,0.01,15:38:00,2.93,80,180,128,0.19,5.29,11.9,8.46,404,568,41.56,731,1016,41.84,560,760,42.42,34.02,58.27,36.86,Standard (1-way),"$900,000","$1,000,000"
172. Erik Brännström,Erik Brännström,22,LD/RD,Left,53,0,14,14,0.26,-17,86,0,19:45:00,3.59,86,168,115,0.21,4.93,9.61,6.59,574,544,51.34,1047,924,53.12,791,718,52.42,59.73,58.42,50.55,Standard (1-way),"$900,000","$900,000"
173. William Borgen,William Borgen,25,RD,Right,36,2,6,8,0.22,1,49,0.04,15:17:00,1.42,49,97,66,0.15,5.34,10.58,7.2,251,248,50.3,466,473,49.63,354,358,49.72,19.73,21.77,47.54,Standard (1-way),"$900,000","$900,000"
174. Jarred Tinordi,Jarred Tinordi,30,LD,Left,7,1,0,1,0.14,-5,5,0.2,12:50:00,0.16,5,15,9,0.11,3.34,10.01,6.01,26,44,37.14,53,88,37.59,39,68,36.45,3.04,3.86,44.06,Standard (1-way),"$900,000","$950,000"
175. Luke Schenn,Luke Schenn,32,RD,Right,66,5,12,17,0.26,15,78,0.06,17:12:00,3.07,78,163,101,0.16,4.12,8.61,5.34,525,614,46.09,932,1118,45.46,704,862,44.96,42.82,59.12,42.01,Standard (1-way),"$850,000","$900,000"
176. Cal Foote,Cal Foote,23,RD,Right,56,2,7,9,0.16,6,49,0.04,13:07:00,2.19,49,112,75,0.18,4,9.14,6.12,352,355,49.79,628,644,49.37,495,483,50.61,31.06,29.19,51.55,Standard (1-way),"$850,000","$950,000"
177. Calvin De Haan,Calvin De Haan,31,LD/RD,Left,69,4,4,8,0.12,-21,107,0.04,18:57:00,3.75,107,225,152,0.17,4.91,10.32,6.97,574,705,44.88,1051,1345,43.86,773,949,44.89,46.39,63.64,42.16,Standard (1-way),"$850,000","$850,000"
178. Nathan Beaulieu,Nathan Beaulieu,29,LD/RD,Left,24,0,4,4,0.17,-7,24,0,10:46:00,0.81,24,52,38,0.19,5.57,12.07,8.82,98,181,35.13,183,317,36.6,143,246,36.76,8.1,17.29,31.9,Standard (1-way),"$850,000","$850,000"
179. Mark Pysyk,Mark Pysyk,30,RD,Right,68,3,9,12,0.18,-4,64,0.05,17:49:00,3.47,64,126,99,0.17,3.17,6.24,4.91,504,734,40.71,892,1240,41.84,696,980,41.53,39.36,61.58,38.99,Standard (1-way),"$850,000","$850,000"
180. Ben Hutton,Ben Hutton,29,LD,Left,58,3,10,13,0.22,7,78,0.04,15:27:00,3.15,78,166,103,0.21,5.22,11.1,6.89,455,442,50.72,828,849,49.37,630,609,50.85,38.92,39.57,49.59,Standard (1-way),"$850,000","$800,000"
181. Jack Rathbone,Jack Rathbone,23,LD,Left,9,0,0,0,0,-5,10,0,13:49:00,0.46,10,22,16,0.22,4.82,10.6,7.71,65,74,46.76,114,129,46.91,87,98,47.03,4.71,5.6,45.68,Standard (1-way),"$850,000","$750,000"
182. Gustav Lindström,Gustav Lindström,23,RD,Right,63,1,12,13,0.21,-12,41,0.02,16:07:00,1.23,41,79,51,0.07,2.42,4.67,3.01,447,547,44.97,760,1015,42.82,581,750,43.65,37.03,49.48,42.8,Standard (1-way),"$850,000","$950,000"
183. Nikolai Knyzhov,Nikolai Knyzhov,24,LD/RD,Left,0,0,0,0,0,0,0,0,,0,0,0,0,0,0,0,0,,,0,,,0,,,0,0,0,0,Standard (1-way),"$850,000","$850,000"
184. Conor Timmins,Conor Timmins,23,RD,Right,6,0,0,0,0,-6,5,0,17:44:00,0.33,5,17,10,0.19,2.82,9.58,5.63,49,64,43.36,96,98,49.48,76,80,48.72,4.05,5.24,43.66,Standard (1-way),"$850,000","$950,000"
185. Zach Bogosian,Zach Bogosian,31,RD,Right,48,3,5,8,0.17,2,60,0.05,15:21:00,2.44,60,108,76,0.2,4.88,8.78,6.18,320,402,44.32,589,694,45.91,462,543,45.97,29.81,33.35,47.2,Standard (1-way),"$850,000","$750,000"
186. Urho Vaakanainen,Urho Vaakanainen,23,LD/RD,Left,29,0,6,6,0.21,-5,27,0,19:19:00,0.94,27,55,38,0.1,2.89,5.89,4.07,251,316,44.27,417,577,41.95,329,450,42.23,21.29,31.48,40.34,Standard (1-way),"$850,000","$800,000"
187. Pierre-Olivier Joseph,Pierre-Olivier Joseph,23,LD,Left,4,0,0,0,0,-2,7,0,18:13:00,0.28,7,13,9,0.23,5.76,10.7,7.41,45,36,55.56,74,62,54.41,55,42,56.7,3.64,2.56,58.71,Standard (1-way),"$825,000","$800,000"
188. Nick Blankenburg,Nick Blankenburg,24,RD,Right,7,1,2,3,0.43,-3,13,0.08,17:34:00,0.36,13,24,15,0.18,6.34,11.71,7.32,61,59,50.83,118,105,52.91,86,78,52.44,5.18,5.57,48.19,Standard (1-way),"$825,000","$800,000"
189. Sebastian Aho,Sebastian Aho,26,LD,Left,36,2,10,12,0.33,-6,34,0.06,16:27:00,1.84,34,76,51,0.19,3.44,7.7,5.17,255,316,44.66,478,563,45.92,353,429,45.14,21.71,28.11,43.58,Standard (1-way),"$825,000","$800,000"
190. Chad Ruhwedel,Chad Ruhwedel,32,RD,Right,78,4,9,13,0.17,2,82,0.05,15:19:00,2.93,82,181,129,0.15,4.11,9.08,6.47,603,614,49.55,1041,1078,49.13,823,804,50.58,51.72,49.94,50.88,Standard (1-way),"$800,000","$800,000"
191. Lucas Carlsson,Lucas Carlsson,24,LD,Left,40,3,6,9,0.23,3,41,0.07,12:42:00,1.96,41,85,58,0.23,4.84,10.02,6.84,309,263,54.02,541,432,55.6,403,335,54.61,27.32,22.73,54.59,Standard (2-way),"$800,000","$800,000"
192. Libor Hájek,Libor Hájek,24,LD,Left,17,0,1,1,0.06,-10,12,0,13:07:00,0.25,12,22,15,0.07,3.23,5.91,4.03,89,130,40.64,151,245,38.13,120,179,40.13,7.7,11.46,40.19,Standard (1-way),"$800,000","$800,000"
193. Erik Gustafsson,Erik Gustafsson,30,LD/RD,Left,59,3,15,18,0.31,-4,79,0.04,16:13:00,3.59,79,173,113,0.23,4.95,10.85,7.09,550,468,54.03,952,787,54.74,718,616,53.82,44.83,41.46,51.95,Standard (1-way),"$800,000","$800,000"
194. Chase Priskie,Chase Priskie,26,RD,Right,4,0,0,0,0,2,4,0,14:00:00,0.26,4,7,5,0.28,4.28,7.5,5.36,38,40,48.72,60,61,49.59,50,52,49.02,3.89,3.2,54.87,Standard (2-way),"$800,000","$800,000"
195. Robin Salo,Robin Salo,23,LD,Left,21,1,4,5,0.24,-6,24,0.04,16:41:00,0.73,24,43,29,0.12,4.11,7.36,4.96,145,156,48.17,269,291,48.04,194,218,47.09,14.6,16.3,47.25,Standard (1-way),"$800,000","$750,000"
196. Robert Hägg,Robert Hägg,27,LD,Left,64,1,8,9,0.14,-9,59,0.02,16:01:00,2.5,59,140,95,0.15,3.45,8.19,5.56,462,649,41.58,810,1117,42.03,631,866,42.15,38.47,55.6,40.9,Standard (1-way),"$800,000","$800,000"
197. Andrew Peeke,Andrew Peeke,24,RD,Right,82,2,13,15,0.18,-14,72,0.03,21:28:00,3.22,72,167,109,0.11,2.45,5.69,3.71,724,1118,39.31,1343,1974,40.49,1023,1503,40.5,60.52,102.13,37.21,Standard (1-way),"$787,500","$825,000"
198. Nick Seeler,Nick Seeler,29,LD/RD,Left,43,1,2,3,0.07,-3,32,0.03,13:04:00,1.18,32,67,48,0.13,3.41,7.15,5.12,256,312,45.07,446,594,42.88,333,427,43.82,17.75,28.99,37.97,Standard (1-way),"$775,000","$750,000"
199. Dmitri Samorukov,Dmitri Samorukov,23,LD,Left,1,0,0,0,0,-2,0,0,2:28:00,0,0,1,0,0,0,24.29,0,2,4,33.33,5,4,55.56,3,4,42.86,0.14,0.35,28.57,Standard (1-way),"$775,000","$775,000"
200. Grant Hutton,Grant Hutton,26,RD,Right,16,1,0,1,0.06,-1,22,0.05,14:11:00,1.13,22,43,29,0.3,5.82,11.37,7.67,94,117,44.55,177,233,43.17,125,173,41.95,7.95,10.81,42.38,Standard (2-way),"$775,000","$750,000"
201. Mark Friedman,Mark Friedman,26,LD/RD,Right,26,1,4,5,0.19,1,27,0.04,13:16:00,1.84,27,49,41,0.32,4.69,8.52,7.13,194,191,50.39,317,351,47.46,260,256,50.39,16.54,14.46,53.35,Standard (1-way),"$775,000","$750,000"
202. Johnathan Kovacevic,Johnathan Kovacevic,24,RD,Right,4,0,0,0,0,1,7,0,10:48:00,0.18,7,13,9,0.25,9.71,18.03,12.49,22,15,59.46,44,28,61.11,32,21,60.38,1.8,1.36,56.96,Standard (2-way),"$766,667","$750,000"
203. Matt Kiersted,Matt Kiersted,24,LD,Left,10,1,1,2,0.2,-8,11,0.09,14:02:00,0.39,11,19,14,0.17,4.7,8.11,5.98,73,88,45.34,129,149,46.4,97,110,46.86,5.25,7.77,40.32,Standard (2-way),"$762,500","$750,000"
204. Jacob MacDonald,Jacob MacDonald,29,LD/RD,Left,8,0,0,0,0,-1,17,0,10:05:00,1.3,17,26,22,0.97,12.63,19.32,16.35,62,45,57.94,105,74,58.66,79,57,58.09,4.86,2.84,63.12,Standard (2-way),"$762,500","$750,000"
205. Nick DeSimone,Nick DeSimone,27,RD,Right,0,0,0,0,0,0,0,0,,0,0,0,0,0,0,0,0,,,0,,,0,,,0,0,0,0,Standard (2-way),"$762,500","$750,000"
206. Colton White,Colton White,25,LD,Left,27,0,4,4,0.15,2,18,0,13:15:00,0.84,18,45,30,0.14,3.02,7.55,5.03,162,206,44.02,304,363,45.58,233,285,44.98,14.47,15.84,47.74,Standard (2-way),"$762,500","$750,000"
207. Vincent Desharnais,Vincent Desharnais,26,RD,Right,0,0,0,0,0,0,0,0,,0,0,0,0,0,0,0,0,,,0,,,0,,,0,0,0,0,Standard (2-way),"$762,500","$750,000"
208. Darren Raddysh,Darren Raddysh,26,RD,Right,4,0,0,0,0,1,2,0,10:40:00,0.04,2,5,3,0.06,2.81,7.03,4.22,17,18,48.57,40,37,51.95,29,24,54.72,1.41,1.12,55.73,Standard (2-way),"$762,500","$750,000"
209. Jordan Gross,Jordan Gross,27,RD,Right,1,0,0,0,0,0,0,0,8:19:00,0,0,0,0,0,0,0,0,2,2,50,6,2,75,6,2,75,0.27,0.09,75,Standard (2-way),"$762,500","$750,000"
210. Dennis Cholowski,Dennis Cholowski,24,LD,Left,11,0,3,3,0.27,-3,11,0,15:49:00,0.5,11,33,20,0.17,3.79,11.38,6.9,76,93,44.97,158,170,48.17,115,134,46.18,6.82,7.55,47.46,Standard (2-way),"$762,500","$750,000"
211. Taylor Fedun,Taylor Fedun,34,RD,Right,0,0,0,0,0,0,0,0,,0,0,0,0,0,0,0,0,,,0,,,0,,,0,0,0,0,Standard (2-way),"$762,500","$750,000"
212. Roland McKeown,Roland McKeown,26,RD,Right,0,0,0,0,0,0,0,0,,0,0,0,0,0,0,0,0,,,0,,,0,,,0,0,0,0,Standard (2-way),"$762,500","$750,000"
213. Paul LaDue,Paul LaDue,29,RD,Right,1,0,0,0,0,-2,1,0,12:47:00,0,1,2,1,0,4.69,9.39,4.69,3,5,37.5,9,11,45,4,6,40,0.26,0.7,27.08,Standard (2-way),"$762,500","$750,000"
214. Billy Sweezey,Billy Sweezey,26,RD,Right,0,0,0,0,0,0,0,0,,0,0,0,0,0,0,0,0,,,0,,,0,,,0,0,0,0,Standard (2-way),"$762,500","$750,000"
215. Calle Rosén,Calle Rosén,28,LD,Left,18,2,5,7,0.39,-2,18,0.11,14:19:00,0.97,18,39,25,0.23,4.19,9.07,5.82,134,131,50.57,243,237,50.62,190,188,50.26,14.64,10.69,57.8,Standard (2-way),"$762,500","$750,000"
216. Dillon Heatherington,Dillon Heatherington,27,LD,Left,9,0,0,0,0,-1,4,0,12:20:00,0.43,4,9,6,0.23,2.16,4.86,3.24,42,72,36.84,72,122,37.11,61,97,38.61,4.46,5.48,44.87,Standard (2-way),"$762,500","$750,000"
217. Kevin Connauton,Kevin Connauton,32,LD/RD,Left,39,1,2,3,0.08,-3,30,0.03,13:04:00,1.32,30,67,39,0.16,3.53,7.88,4.59,265,340,43.8,463,556,45.44,344,439,43.93,20.77,26.12,44.3,Standard (2-way),"$762,500","$750,000"
218. Kevin Gravel,Kevin Gravel,30,LD,Left,0,0,0,0,0,0,0,0,,0,0,0,0,0,0,0,0,,,0,,,0,,,0,0,0,0,Standard (2-way),"$762,500","$750,000"
219. Markus Niemeläinen,Markus Niemeläinen,24,LD,Left,20,0,1,1,0.05,-5,12,0,13:11:00,0.24,12,26,15,0.05,2.73,5.91,3.41,105,152,40.86,208,253,45.12,146,204,41.71,10.27,14.37,41.68,Standard (2-way),"$762,500","$750,000"
220. Chris Wideman,Chris Wideman,32,RD,Right,64,4,23,27,0.42,-25,76,0.05,14:52:00,3.11,76,148,100,0.2,4.79,9.32,6.3,521,431,54.73,973,767,55.92,725,587,55.26,49.93,46.7,51.67,Standard (1-way),"$762,500","$750,000"
221. Lucas Johansen,Lucas Johansen,24,LD,Left,1,0,1,1,1,1,0,0,12:18:00,0.04,0,1,1,0.2,0,4.88,4.88,7,1,87.5,9,2,81.81,8,1,88.89,0.76,0.05,93.83,Standard (2-way),"$762,500","$750,000"
222. Kyle Capobianco,Kyle Capobianco,24,LD,Left,45,2,7,9,0.2,-12,40,0.05,16:00:00,2.45,40,85,62,0.2,3.33,7.08,5.17,317,405,43.91,584,697,45.59,451,554,44.88,28.78,37.97,43.12,Standard (2-way),"$762,500","$750,000"
223. Jacob Moverare,Jacob Moverare,23,LD,Left,19,0,2,2,0.11,3,15,0,16:20:00,0.3,15,28,17,0.06,2.9,5.41,3.29,150,145,50.85,272,269,50.28,198,200,49.75,12.08,15.38,43.99,Standard (2-way),"$762,500","$750,000"
224. Xavier Ouellet,Xavier Ouellet,28,LD/RD,Left,0,0,0,0,0,0,0,0,,0,0,0,0,0,0,0,0,,,0,,,0,,,0,0,0,0,Standard (2-way),"$762,500","$750,000"
225. Haydn Fleury,Haydn Fleury,25,LD/RD,Left,36,2,2,4,0.11,0,52,0.04,16:16:00,1.83,52,105,73,0.19,5.32,10.75,7.47,252,282,47.19,454,547,45.35,340,395,46.26,19.21,23.74,44.73,Standard (1-way),"$762,500","$750,000"
226. Brady Keeper,Brady Keeper,26,RD,Right,0,0,0,0,0,0,0,0,,0,0,0,0,0,0,0,0,,,0,,,0,,,0,0,0,0,Standard (1-way),"$762,500","$775,000"
227. Jalen Chatfield,Jalen Chatfield,26,RD,Right,16,0,3,3,0.19,1,25,0,14:47:00,1.09,25,51,36,0.28,6.34,12.93,9.13,130,96,57.52,233,169,57.96,175,131,57.19,11.12,7.99,58.19,Standard (2-way),"$762,500","$750,000"
228. Daniil Miromanov,Daniil Miromanov,24,RD,Right,11,0,1,1,0.09,0,15,0,9:47:00,0.61,15,32,21,0.34,8.36,17.84,11.71,57,57,50,106,108,49.53,77,79,49.36,6.12,4.94,55.33,Standard (2-way),"$762,500","$750,000"
229. Dennis Gilbert,Dennis Gilbert,25,LD,Left,0,0,0,0,0,0,0,0,,0,0,0,0,0,0,0,0,,,0,,,0,,,0,0,0,0,Standard (1-way),"$762,500","$750,000"
230. Tyler Wotherspoon,Tyler Wotherspoon,29,LD,Left,0,0,0,0,0,0,0,0,,0,0,0,0,0,0,0,0,,,0,,,0,,,0,0,0,0,Standard (2-way),"$762,500","$750,000"
231. Brad Hunt,Brad Hunt,33,LD/RD,Left,50,3,14,17,0.34,-3,67,0.04,15:15:00,2.31,67,127,90,0.18,5.27,9.99,7.08,427,390,52.26,742,713,51,569,527,51.92,35.68,30.88,53.61,Standard (2-way),"$762,500","$750,000"
232. Dylan Coghlan,Dylan Coghlan,24,RD,Right,59,3,10,13,0.22,-5,108,0.03,14:12:00,4.22,108,218,157,0.3,7.73,15.61,11.24,480,409,53.99,883,744,54.27,668,530,55.76,41.03,35.15,53.85,Standard (1-way),"$762,500","$775,000"
233. Jaycob Megna,Jaycob Megna,29,LD,Left,44,2,6,8,0.18,-1,40,0.05,19:07:00,1.18,40,84,51,0.08,2.85,5.99,3.64,387,444,46.57,702,933,42.94,528,664,44.3,33.54,43.76,43.39,Standard (1-way),"$762,500","$750,000"
234. Daniel Renouf,Daniel Renouf,28,LD,Left,4,0,0,0,0,-2,3,0,14:00:00,0.06,3,5,4,0.06,3.21,5.36,4.28,27,28,49.09,45,41,52.33,35,31,53.03,1.85,2.54,42.05,Standard (2-way),"$762,500","$750,000"
235. Bobby Nardella,Bobby Nardella,26,LD,Left,0,0,0,0,0,0,0,0,,0,0,0,0,0,0,0,0,,,0,,,0,,,0,0,0,0,Standard (1-way),"$750,000","$750,000"
236. Otto Leskinen,Otto Leskinen,25,LD/RD,Left,0,0,0,0,0,0,0,0,,0,0,0,0,0,0,0,0,,,0,,,0,,,0,0,0,0,Standard (2-way),"$750,000","$750,000"
237. Nick Wolff,Nick Wolff,25,LD,Left,0,0,0,0,0,0,0,0,,0,0,0,0,0,0,0,0,,,0,,,0,,,0,0,0,0,Standard (2-way),"$750,000","$750,000"
238. Connor Carrick,Connor Carrick,28,RD,Right,0,0,0,0,0,0,0,0,,0,0,0,0,0,0,0,0,,,0,,,0,,,0,0,0,0,Standard (2-way),"$750,000","$750,000"
239. Josh Jacobs,Josh Jacobs,26,RD,Right,0,0,0,0,0,0,0,0,,0,0,0,0,0,0,0,0,,,0,,,0,,,0,0,0,0,Standard (2-way),"$750,000","$750,000"
240. Jordie Benn,Jordie Benn,34,LD/RD,Left,39,1,7,8,0.21,1,37,0.03,14:58:00,1.26,37,77,54,0.13,3.8,7.91,5.55,266,337,44.11,479,605,44.19,357,458,43.8,19.62,24.69,44.28,Standard (1-way),"$750,000","$750,000"
241. Gabriel Carlsson,Gabriel Carlsson,25,LD,Left,38,2,7,9,0.24,6,18,0.11,12:16:00,0.71,18,38,22,0.09,2.31,4.88,2.83,214,276,43.67,396,485,44.95,295,376,43.96,17.98,25.58,41.29,Standard (2-way),"$750,000","$750,000"
242. Olli Juolevi,Olli Juolevi,24,LD,Left,18,0,0,0,0,-1,18,0,12:45:00,0.41,18,34,25,0.11,4.7,8.89,6.53,133,128,50.96,236,193,55.01,178,161,52.51,11.6,10.62,52.21,Standard (2-way),"$750,000","$750,000"
243. Joe Hicketts,Joe Hicketts,26,LD,Left,0,0,0,0,0,0,0,0,,0,0,0,0,0,0,0,0,,,0,,,0,,,0,0,0,0,Standard (2-way),"$750,000","$750,000"
244. Robbie Russo,Robbie Russo,29,RD,Right,0,0,0,0,0,0,0,0,,0,0,0,0,0,0,0,0,,,0,,,0,,,0,0,0,0,Standard (2-way),"$750,000","$750,000"
245. Josh Mahura,Josh Mahura,24,LD/RD,Left,38,3,4,7,0.18,-14,36,0.08,14:03:00,1.58,36,82,52,0.18,4.04,9.21,5.84,239,284,45.7,451,556,44.79,341,408,45.53,21.11,25.38,45.41,Standard (1-way),"$750,000","$750,000"
246. Mac Hollowell,Mac Hollowell,23,RD,Right,0,0,0,0,0,0,0,0,,0,0,0,0,0,0,0,0,,,0,,,0,,,0,0,0,0,Standard (2-way),"$750,000","$750,000"
247. Sean Day,Sean Day,24,LD,Left,2,0,0,0,0,-2,2,0,10:42:00,0.03,2,3,2,0.08,5.6,8.4,5.6,7,16,30.43,13,22,37.14,11,17,39.29,0.46,1.21,27.54,Standard (2-way),"$750,000","$750,000"
248. Brogan Rafferty,Brogan Rafferty,27,RD,Right,0,0,0,0,0,0,0,0,,0,0,0,0,0,0,0,0,,,0,,,0,,,0,0,0,0,Standard (2-way),"$750,000","$750,000"
249. Andy Welinski,Andy Welinski,29,RD,Right,0,0,0,0,0,0,0,0,,0,0,0,0,0,0,0,0,,,0,,,0,,,0,0,0,0,Standard (2-way),"$750,000","$750,000"
250. Victor Mete,Victor Mete,24,LD/RD,Left,37,0,7,7,0.19,-19,27,0,14:37:00,1.52,27,55,42,0.17,2.99,6.1,4.66,247,303,44.91,451,566,44.35,343,426,44.6,21.48,32.06,40.11,Standard (1-way),"$750,000","$750,000"
251. Keaton Middleton,Keaton Middleton,24,LD,Left,0,0,0,0,0,0,0,0,,0,0,0,0,0,0,0,0,,,0,,,0,,,0,0,0,0,Standard (2-way),"$750,000","$750,000"
252. Linus Högberg,Linus Högberg,23,LD,Left,5,0,2,2,0.4,0,3,0,17:03:00,0.05,3,6,3,0.04,2.11,4.22,2.11,38,60,38.78,63,98,39.13,49,78,38.58,3.08,5.69,35.11,Standard (2-way),"$750,000","$750,000"
253. Jerad Rosburg,Jerad Rosburg,26,LD,Left,0,0,0,0,0,0,0,0,,0,0,0,0,0,0,0,0,,,0,,,0,,,0,0,0,0,Standard (2-way),"$750,000","$750,000"
254. Guillaume Brisebois,Guillaume Brisebois,24,LD,Left,1,0,0,0,0,-1,0,0,4:13:00,0,0,0,0,0,0,0,0,1,3,25,1,4,20,1,3,25,0.03,0.08,27.27,Standard (2-way),"$750,000","$750,000"
255. Corey Schueneman,Corey Schueneman,26,LD/RD,Left,24,2,4,6,0.25,-5,30,0.07,16:35:00,1.36,30,65,47,0.2,4.51,9.78,7.08,190,244,43.78,346,415,45.47,255,311,45.05,17.27,23.84,42.01,Standard (2-way),"$750,000","$750,000"
256. Madison Bowey,Madison Bowey,27,RD,Right,2,0,0,0,0,-3,0,0,15:44:00,0.01,0,3,1,0.02,0,5.72,1.91,10,25,28.57,18,46,28.12,12,35,25.53,0.91,2.91,23.82,Standard (2-way),"$750,000","$750,000"
257. Kristians Rubins,Kristians Rubins,24,LD,Left,3,0,0,0,0,-2,5,0,11:45:00,0.32,5,6,5,0.54,8.51,10.21,8.51,17,12,58.62,31,27,53.45,25,18,58.14,1.47,0.79,65.04,Standard (2-way),"$750,000","$750,000"
258. Scott Perunovich,Scott Perunovich,23,LD,Left,19,0,6,6,0.32,2,14,0,15:27:00,0.49,14,25,17,0.1,2.86,5.11,3.47,163,126,56.4,279,222,55.69,213,182,53.92,14.09,10.7,56.84,Standard (1-way),"$750,000","$750,000"
259. Will Butcher,Will Butcher,27,LD,Left,37,2,6,8,0.22,-10,35,0.06,16:29:00,1.98,35,78,60,0.2,3.46,7.71,5.93,302,313,49.11,528,521,50.33,411,416,49.7,22.41,23.34,48.98,Standard (2-way),"$750,000","$750,000"
260. Brayden Pachal,Brayden Pachal,22,RD,Right,2,0,0,0,0,-2,1,0,9:45:00,0.05,1,3,2,0.15,3.07,9.22,6.15,14,6,70,26,15,63.41,17,9,65.38,0.94,0.48,66.2,Standard (2-way),"$750,000","$750,000"
261. Cale Fleury,Cale Fleury,23,RD,Right,9,0,0,0,0,-3,4,0,14:34:00,0.25,4,17,7,0.11,1.83,7.78,3.2,62,63,49.6,115,125,47.92,84,90,48.28,5.5,5.56,49.73,Standard (2-way),"$750,000","$750,000"
262. Michael Stone,Michael Stone,32,RD,Right,11,2,4,6,0.55,3,24,0.08,17:27:00,0.91,24,59,34,0.28,7.5,18.43,10.62,111,102,52.11,215,197,52.18,162,153,51.43,9.81,9.89,49.8,Standard (2-way),"$750,000","$750,000"
263. Matt Tennyson,Matt Tennyson,32,RD,Right,8,0,3,3,0.38,0,5,0,12:54:00,0.17,5,11,8,0.1,2.9,6.39,4.65,38,68,35.85,75,123,37.88,59,90,39.6,3.77,5.09,42.5,Standard (2-way),"$750,000","$750,000"
264. Casey Fitzgerald,Casey Fitzgerald,25,RD,Right,36,0,6,6,0.17,-19,41,0,16:52:00,1.2,41,67,50,0.12,4.07,6.65,4.97,282,339,45.41,472,575,45.08,370,457,44.74,23.61,31.73,42.66,Standard (2-way),"$750,000","$750,000"
265. Carl Dahlström,Carl Dahlström,27,LD,Left,3,0,2,2,0.67,2,4,0,13:39:00,0.05,4,5,4,0.07,5.86,7.33,5.86,24,16,60,38,30,55.88,28,25,52.83,1.55,1.53,50.32,Standard (2-way),"$750,000","$750,000"
266. Joseph Cecconi,Joseph Cecconi,25,RD,Right,0,0,0,0,0,0,0,0,,0,0,0,0,0,0,0,0,,,0,,,0,,,0,0,0,0,Standard (2-way),"$750,000","$750,000"
267. Jeremy Davies,Jeremy Davies,25,LD,Left,6,0,2,2,0.33,-5,5,0,12:15:00,0.15,5,9,7,0.12,4.08,7.34,5.71,41,35,53.95,72,58,55.38,55,48,53.4,3.16,2.69,54.02,Standard (2-way),"$750,000","$750,000"
268. Austin Strand,Austin Strand,25,RD,Right,8,0,2,2,0.25,-1,9,0,15:17:00,0.25,9,14,9,0.12,4.41,6.87,4.41,70,59,54.26,112,94,54.37,87,79,52.41,5.38,5.7,48.56,Standard (2-way),"$750,000","$750,000"
269. Ashton Sautner,Ashton Sautner,28,LD,Left,0,0,0,0,0,0,0,0,,0,0,0,0,0,0,0,0,,,0,,,0,,,0,0,0,0,Standard (2-way),"$750,000","$750,000"
270. Simon Benoit,Simon Benoit,23,LD,Left,53,1,4,5,0.09,-5,45,0.02,14:05:00,1.87,45,87,64,0.15,3.61,6.99,5.14,324,442,42.3,590,773,43.29,450,602,42.78,29.91,37.2,44.57,Standard (2-way),"$750,000","$750,000"
271. Ryan Murray,Ryan Murray,28,LD,Left,37,0,4,4,0.11,-3,26,0,14:05:00,1.13,26,45,33,0.13,2.99,5.18,3.8,263,294,47.22,442,525,45.71,330,387,46.03,19.26,23.66,44.87,Standard (1-way),"$750,000","$750,000"
272. Ben Harpur,Ben Harpur,27,LD,Left,19,0,1,1,0.05,-10,13,0,13:44:00,0.47,13,33,24,0.11,2.99,7.59,5.52,94,150,38.52,191,283,40.29,148,208,41.57,8.65,14.23,37.81,Standard (2-way),"$750,000","$750,000"
273. Joel Hanley,Joel Hanley,31,LD/RD,Left,44,2,4,6,0.14,-13,18,0.11,11:56:00,0.68,18,56,32,0.08,2.06,6.4,3.65,212,249,45.99,408,472,46.36,307,350,46.73,18.46,19.94,48.07,Standard (1-way),"$750,000","$750,000"
274. Dakota Mermis,Dakota Mermis,28,LD/RD,Left,2,0,0,0,0,2,1,0,13:54:00,0.02,1,5,2,0.04,2.16,10.79,4.32,18,17,51.43,27,31,46.55,21,24,46.67,1.12,1.04,51.85,Standard (2-way),"$750,000","$750,000"
275. Dylan McIlrath,Dylan McIlrath,30,RD,Right,0,0,0,0,0,0,0,0,,0,0,0,0,0,0,0,0,,,0,,,0,,,0,0,0,0,Standard (2-way),"$750,000","$750,000"
276. Ryan Shea,Ryan Shea,25,LD,Left,0,0,0,0,0,0,0,0,,0,0,0,0,0,0,0,0,,,0,,,0,,,0,0,0,0,Standard (2-way),"$750,000","$750,000"
277. Cam Dineen,Cam Dineen,24,LD,Left,34,0,7,7,0.21,-16,52,0,15:38:00,2.2,52,110,82,0.25,5.87,12.41,9.25,240,290,45.28,440,556,44.18,342,421,44.82,18.16,29.11,38.42,Standard (2-way),"$750,000","$750,000"
278. Kale Clague,Kale Clague,24,LD/RD,Left,36,2,8,10,0.28,-10,26,0.08,16:44:00,1.45,26,56,31,0.14,2.59,5.58,3.09,296,313,48.6,506,519,49.37,385,408,48.55,27.52,29.85,47.97,Standard (2-way),"$750,000","$750,000"
279. Jacob Larsson,Jacob Larsson,25,LD,Left,6,0,1,1,0.17,-3,5,0,15:16:00,0.1,5,8,7,0.07,3.27,5.24,4.58,46,46,50,88,84,51.16,71,65,52.21,3.86,4.47,46.34,Standard (2-way),"$750,000","$750,000"
280. Lawrence Pilut,Lawrence Pilut,26,LD,Left,0,0,0,0,0,0,0,0,,0,0,0,0,0,0,0,0,,,0,,,0,,,0,0,0,0,Standard (2-way),"$750,000","$750,000"
281. Michal Kempný,Michal Kempný,31,LD,Left,15,1,1,2,0.13,-3,10,0.1,15:50:00,0.59,10,40,20,0.15,2.52,10.1,5.05,83,114,42.13,185,241,43.43,132,168,44,7.34,9.44,43.72,Standard (1-way),"$750,000","$750,000"
282. Benjamin Gleason,Benjamin Gleason,24,LD,Left,0,0,0,0,0,0,0,0,,0,0,0,0,0,0,0,0,,,0,,,0,,,0,0,0,0,Standard (2-way),"$750,000","$750,000"
283. Jason Demers,Jason Demers,34,RD,Right,0,0,0,0,0,0,0,0,,0,0,0,0,0,0,0,0,,,0,,,0,,,0,0,0,0,Standard (2-way),"$750,000","$750,000"
284. Steven Santini,Steven Santini,27,RD,Right,0,0,0,0,0,0,0,0,,0,0,0,0,0,0,0,0,,,0,,,0,,,0,0,0,0,Standard (2-way),"$750,000","$750,000"
285. Kyle Burroughs,Kyle Burroughs,26,LD/RD,Right,42,1,4,5,0.12,-3,39,0.03,12:56:00,1.64,39,83,49,0.18,4.3,9.17,5.41,229,290,44.12,455,524,46.48,310,370,45.59,18.02,23.48,43.42,Standard (2-way),"$750,000","$750,000"
286. Steven Kampfer,Steven Kampfer,33,RD,Right,0,0,0,0,0,0,0,0,,0,0,0,0,0,0,0,0,,,0,,,0,,,0,0,0,0,Standard (2-way),"$750,000","$750,000"
287. Gustav Olofsson,Gustav Olofsson,27,LD,Left,0,0,0,0,0,0,0,0,,0,0,0,0,0,0,0,0,,,0,,,0,,,0,0,0,0,Standard (2-way),"$750,000","$750,000"
288. Tobie Paquette-Bisson,Tobie Paquette-Bisson,25,LD,Left,0,0,0,0,0,0,0,0,,0,0,0,0,0,0,0,0,,,0,,,0,,,0,0,0,0,Standard (2-way),"$750,000","$750,000"
289. Colton Poolman,Colton Poolman,26,LD,Left,0,0,0,0,0,0,0,0,,0,0,0,0,0,0,0,0,,,0,,,0,,,0,0,0,0,Standard (2-way),"$750,000","$750,000"
290. Matt Irwin,Matt Irwin,34,LD/RD,Left,17,1,3,4,0.24,0,29,0.03,12:38:00,0.72,29,49,36,0.2,8.1,13.68,10.05,124,97,56.11,212,180,54.08,166,127,56.66,10.41,7.53,58.03,Standard (2-way),"$750,000","$750,000"
291. William Lagesson,William Lagesson,26,LD,Left,33,0,5,5,0.15,3,33,0,12:34:00,0.77,33,70,39,0.11,4.76,10.11,5.64,201,206,49.39,369,361,50.55,271,282,49.01,16.88,19.27,46.69,Standard (2-way),"$750,000","$750,000"
292. Leon Gawanke,Leon Gawanke,23,LD/RD,Right,0,0,0,0,0,0,0,0,,0,0,0,0,0,0,0,0,,,0,,,0,,,0,0,0,0,Standard (2-way),"$750,000","$750,000"
293. Gavin Bayreuther,Gavin Bayreuther,28,LD/RD,Left,43,0,8,8,0.19,0,44,0,13:03:00,1.32,44,85,65,0.14,4.7,9.08,6.95,273,322,45.88,485,545,47.09,359,428,45.62,21.3,27.11,44,Standard (1-way),"$750,000","$750,000"
294. Ronald Knot,Ronald Knot,27,D,Right,0,0,0,0,0,0,0,0,,0,0,0,0,0,0,0,0,,,0,,,0,,,0,0,0,0,Standard (2-way),"$750,000","$750,000"
295. Noah Juulsen,Noah Juulsen,25,RD,Right,8,0,2,2,0.25,-4,6,0,14:40:00,0.13,6,11,9,0.07,3.07,5.62,4.59,37,65,36.27,80,127,38.65,56,95,37.09,2.47,5.85,29.69,Standard (2-way),"$750,000","$750,000"
296. Anthony Bitetto,Anthony Bitetto,31,LD,Left,0,0,0,0,0,0,0,0,,0,0,0,0,0,0,0,0,,,0,,,0,,,0,0,0,0,Standard (2-way),"$750,000","$750,000"
297. Louis Belpedio,Louis Belpedio,26,RD,Right,0,0,0,0,0,0,0,0,,0,0,0,0,0,0,0,0,,,0,,,0,,,0,0,0,0,Standard (2-way),"$750,000","$750,000"
298. Christian Wolanin,Christian Wolanin,27,LD,Left,9,1,1,2,0.22,-1,5,0.2,14:41:00,0.31,5,11,7,0.14,2.27,4.99,3.18,64,72,47.06,127,115,52.48,100,87,53.48,6.35,6.4,49.8,Standard (2-way),"$750,000","$750,000"
299. Michael Del Zotto,Michael Del Zotto,32,LD,Left,26,3,10,13,0.5,-4,35,0.09,18:15:00,1.01,35,81,51,0.13,4.42,10.24,6.45,224,249,47.36,429,459,48.31,307,340,47.45,19.82,22.15,47.22,Standard (2-way),"$750,000","$750,000"
300. Trevor Carrick,Trevor Carrick,27,LD,Left,0,0,0,0,0,0,0,0,,0,0,0,0,0,0,0,0,,,0,,,0,,,0,0,0,0,Standard (2-way),"$750,000","$750,000"
301. Maxime Lajoie,Maxime Lajoie,24,LD,Left,5,0,0,0,0,2,6,0,12:32:00,0.36,6,18,10,0.34,5.74,17.22,9.57,36,22,62.07,67,44,60.36,48,34,58.54,3.49,3.27,51.63,Standard (2-way),"$750,000","$750,000"
302. Parker Wotherspoon,Parker Wotherspoon,24,LD,Left,0,0,0,0,0,0,0,0,,0,0,0,0,0,0,0,0,,,0,,,0,,,0,0,0,0,Standard (2-way),"$750,000","$750,000"
303. Cavan Fitzgerald,Cavan Fitzgerald,25,LD,Left,0,0,0,0,0,0,0,0,,0,0,0,0,0,0,0,0,,,0,,,0,,,0,0,0,0,Standard (2-way),"$750,000","$750,000"
304. Alex Petrovic,Alex Petrovic,30,RD,Right,0,0,0,0,0,0,0,0,,0,0,0,0,0,0,0,0,,,0,,,0,,,0,0,0,0,Standard (2-way),"$750,000","$750,000"
305. Frédéric Allard,Frédéric Allard,24,RD,Right,0,0,0,0,0,0,0,0,,0,0,0,0,0,0,0,0,,,0,,,0,,,0,0,0,0,Standard (2-way),"$750,000","$750,000"
306. Wyatt Kalynuk,Wyatt Kalynuk,25,LD,Left,5,0,0,0,0,-3,1,0,11:59:00,0.13,1,7,5,0.13,1,7,5,22,32,40.74,49,55,47.12,32,41,43.84,1.83,2.76,39.86,Standard (2-way),"$750,000","$750,000"
307. Andrej Sustr,Andrej Sustr,31,RD,Right,38,1,5,6,0.16,-4,28,0.04,14:43:00,0.65,28,62,39,0.07,3,6.65,4.18,231,314,42.39,413,575,41.8,309,447,40.86,19.29,26.81,41.84,Standard (2-way),"$750,000","$750,000"
308. Andreas Englund,Andreas Englund,26,LD,Left,0,0,0,0,0,0,0,0,,0,0,0,0,0,0,0,0,,,0,,,0,,,0,0,0,0,Standard (2-way),"$750,000","$750,000"
309. Jack Ahcan,Jack Ahcan,25,LD,Left,6,1,0,1,0.17,-3,5,0.2,16:01:00,0.25,5,14,8,0.16,3.12,8.73,4.99,52,38,57.78,105,70,60,78,52,60,4.34,2.71,61.56,Standard (2-way),"$750,000","$750,000"
310. Scott Harrington,Scott Harrington,29,LD,Left,7,0,1,1,0.14,-4,5,0,14:28:00,0.08,5,9,7,0.05,2.96,5.33,4.15,26,58,30.95,56,110,33.72,39,81,32.5,1.86,5.66,24.73,Standard (2-way),"$750,000","$750,000"
311. Alexandre Carrier,Alexandre Carrier,25,RD,Right,77,3,27,30,0.39,26,95,0.03,20:58:00,6.12,95,188,135,0.23,3.53,6.98,5.01,713,917,43.74,1261,1666,43.08,973,1252,43.73,65.55,86.17,43.2,Standard (2-way),"$733,333","$750,000"